<?xml version="1.0" encoding="UTF-8"?>
<!DOCTYPE hibernate-configuration PUBLIC
	"-//Hibernate/Hibernate Configuration DTD 3.0//EN"
	"http://www.hibernate.org/dtd/hibernate-configuration-3.0.dtd">

<hibernate-configuration>

    <session-factory>
        <!-- JDBC Database connection settings -->
        <property name="hibernate.connection.driver_class">com.mysql.cj.jdbc.Driver</property>
        <property name="hibernate.connection.url">jdbc:mysql://localhost:3306/library</property>
        <property name="hibernate.connection.username">root</property>
        <property name="hibernate.connection.password">teju</property>
<!-- JDBC connection pool settings -->
        <property name="hibernate.c3p0.min_size">5</property>
        <property name="hibernate.c3p0.max_size">20</property>
        <property name="hibernate.c3p0.timeout">300</property>
        <property name="hibernate.c3p0.max_statements">50</property>
        <property name="hibernate.c3p0.idle_test_period">3000</property>

        <!-- Specify dialect -->
        <property name="hibernate.dialect">org.hibernate.dialect.MySQL5Dialect</property> <!-- Update this line -->

        <!-- Enable Hibernate's automatic session context management -->
        <property name="hibernate.current_session_context_class">thread</property>

        <!-- Echo all executed queries -->
        <property name="hibernate.show_sql">true</property>

        <!-- Drop and re-create the database schema on startup -->
        <property name="hibernate.hbm2ddl.auto">update</property>

        <!-- Disable the second-level cache -->
        <property name="hibernate.cache.provider_class">org.hibernate.cache.NoCacheProvider</property>
        
        <!-- Disable showing SQL statements in the console -->
        <property name="hibernate.show_sql">false</property>

        <!-- Optionally, format the SQL for better readability (set to false to disable) -->
        <property name="hibernate.format_sql">false</property>

        <!-- Disable logging of Hibernate SQL statements -->
        <property name="hibernate.use_sql_comments">false</property>

        <!-- Mention annotated class -->
        <mapping class="com.LibraryManagementSystem.entity.User"/>
        <mapping class="com.LibraryManagementSystem.entity.Book"/>
        <mapping class="com.LibraryManagementSystem.entity.Rental"/>
        <mapping class="com.LibraryManagementSystem.entity.Buy"/>

    </session-factory>

</hibernate-configuration>
